topic,formality_status,prompt
python_help,formal,"Could you please explain how Python functions work and provide some detailed examples?"
python_help,informal,"Could you just explain how Python functions work and provide some detailed examples?"
climate_change,formal,"I would appreciate your analysis of climate change causes and their scientific evidence."
climate_change,informal,"I would appreciate your analysis of climate change causes and their scientific evidence."
cooking_advice,formal,"Would you kindly recommend healthy meal preparation techniques that maximize nutritional value?"
cooking_advice,informal,"Would you maybe recommend healthy meal preparation techniques that maximize nutritional value?"
exercise_guidance,formal,"Could you please describe effective workout routines for cardiovascular health and strength building?"
exercise_guidance,informal,"Could you maybe describe effective workout routines for cardiovascular health and strength building?"
investment_strategy,formal,"I would be grateful for advice regarding long term investment strategies and planning."
investment_strategy,informal,"I would be grateful for advice about long term investment strategies and planning."
language_learning,formal,"Would you please suggest effective methods for acquiring fluency in foreign languages systematically?"
language_learning,informal,"Would you maybe suggest effective methods for acquiring fluency in foreign languages systematically?"
career_advice,formal,"I should appreciate guidance concerning career transitions into technology fields for professional development."
career_advice,informal,"I should appreciate guidance about career transitions into technology fields for professional development."
home_improvement,formal,"Could you kindly provide recommendations for energy efficient home renovations that reduce environmental impact?"
home_improvement,informal,"Could you maybe provide recommendations for energy efficient home renovations that reduce environmental impact?"
study_techniques,formal,"Would you please explain memory enhancement strategies that improve academic performance and retention?"
study_techniques,informal,"Would you maybe explain memory enhancement strategies that improve academic performance and retention?"
travel_planning,formal,"I would appreciate assistance with international travel planning including cultural considerations and logistics."
travel_planning,informal,"I would appreciate assistance with international travel planning including cultural considerations and logistics."
productivity_tips,formal,"Could you please recommend time management techniques that maximize daily productivity and efficiency?"
productivity_tips,informal,"Could you maybe recommend time management techniques that maximize daily productivity and efficiency?"
health_nutrition,formal,"Would you kindly explain the relationship between dietary choices and long term health outcomes?"
health_nutrition,informal,"Would you maybe explain the relationship between dietary choices and long term health outcomes?"
technology_trends,formal,"I would be interested in your assessment concerning emerging artificial intelligence trends and implications."
technology_trends,informal,"I would be interested in your assessment about emerging artificial intelligence trends and implications."
relationship_advice,formal,"Could you please provide guidance regarding effective communication strategies for maintaining healthy relationships?"
relationship_advice,informal,"Could you maybe provide guidance about effective communication strategies for maintaining healthy relationships?"
mental_health,formal,"Would you kindly discuss stress management techniques that promote psychological well being and resilience?"
mental_health,informal,"Would you maybe discuss stress management techniques that promote psychological well being and resilience?"
financial_planning,formal,"I should appreciate advice concerning budget management strategies for achieving long term financial stability."
financial_planning,informal,"I should appreciate advice about budget management strategies for achieving long term financial stability."
creative_writing,formal,"Could you please suggest techniques for developing compelling fictional narratives with strong character development?"
creative_writing,informal,"Could you maybe suggest techniques for developing compelling fictional narratives with strong character development?"
public_speaking,formal,"Would you kindly explain methods for overcoming presentation anxiety and delivering engaging speeches effectively?"
public_speaking,informal,"Would you maybe explain methods for overcoming presentation anxiety and delivering engaging speeches effectively?"
entrepreneurship,formal,"I would appreciate guidance regarding small business development strategies and market entry approaches."
entrepreneurship,informal,"I would appreciate guidance about small business development strategies and market entry approaches."
environmental_action,formal,"Could you please recommend sustainable lifestyle practices that minimize individual environmental impact and consumption?"
environmental_action,informal,"Could you maybe recommend sustainable lifestyle practices that minimize individual environmental impact and consumption?"
skill_development,formal,"Would you kindly suggest approaches for acquiring new professional skills through online learning platforms?"
skill_development,informal,"Would you maybe suggest approaches for acquiring new professional skills through online learning platforms?"
home_organization,formal,"I should appreciate advice concerning effective home organization systems that improve daily living efficiency."
home_organization,informal,"I should appreciate advice about effective home organization systems that improve daily living efficiency."
pet_care,formal,"Could you please provide guidance regarding proper pet nutrition and health maintenance for animals?"
pet_care,informal,"Could you maybe provide guidance about proper pet nutrition and health maintenance for animals?"
gardening_tips,formal,"Would you kindly explain organic gardening techniques that promote plant health and soil sustainability?"
gardening_tips,informal,"Would you maybe explain organic gardening techniques that promote plant health and soil sustainability?"
book_recommendations,formal,"I would be grateful for literature suggestions that explore themes concerning personal growth and development."
book_recommendations,informal,"I would be grateful for literature suggestions that explore themes about personal growth and development."
music_theory,formal,"Could you please describe fundamental music theory concepts that facilitate composition and performance understanding?"
music_theory,informal,"Could you maybe describe fundamental music theory concepts that facilitate composition and performance understanding?"
photography_skills,formal,"Would you kindly suggest technical photography approaches for capturing professional quality images in lighting conditions?"
photography_skills,informal,"Would you maybe suggest technical photography approaches for capturing professional quality images in lighting conditions?"
meditation_practice,formal,"I should appreciate instruction regarding mindfulness meditation techniques that enhance mental clarity and balance."
meditation_practice,informal,"I should appreciate instruction about mindfulness meditation techniques that enhance mental clarity and balance."
communication_skills,formal,"Could you please explain effective listening strategies that improve interpersonal understanding and conflict resolution?"
communication_skills,informal,"Could you maybe explain effective listening strategies that improve interpersonal understanding and conflict resolution?"
data_analysis,formal,"Would you kindly describe statistical analysis methods that reveal meaningful patterns in complex datasets?"
data_analysis,informal,"Would you maybe describe statistical analysis methods that reveal meaningful patterns in complex datasets?"
social_media,formal,"I would appreciate guidance concerning responsible social media usage that maintains privacy and engagement."
social_media,informal,"I would appreciate guidance about responsible social media usage that maintains privacy and engagement."
decision_making,formal,"Could you please suggest frameworks for making difficult personal decisions that align with individual values?"
decision_making,informal,"Could you maybe suggest frameworks for making difficult personal decisions that align with individual values?"
sleep_hygiene,formal,"Would you kindly explain sleep optimization techniques that improve rest quality and daytime cognitive performance?"
sleep_hygiene,informal,"Would you maybe explain sleep optimization techniques that improve rest quality and daytime cognitive performance?"
conflict_resolution,formal,"I should appreciate advice concerning peaceful conflict resolution strategies for workplace and family disagreements."
conflict_resolution,informal,"I should appreciate advice about peaceful conflict resolution strategies for workplace and family disagreements."
scientific_literacy,formal,"Could you please describe methods for evaluating scientific claims and distinguishing reliable research from misinformation?"
scientific_literacy,informal,"Could you maybe describe methods for evaluating scientific claims and distinguishing reliable research from misinformation?"
cultural_awareness,formal,"Would you kindly explain approaches for developing cross cultural competence and respectful international communication?"
cultural_awareness,informal,"Would you maybe explain approaches for developing cross cultural competence and respectful international communication?"
memory_improvement,formal,"I would be interested in learning concerning cognitive techniques that enhance memory formation and recall."
memory_improvement,informal,"I would be interested in learning about cognitive techniques that enhance memory formation and recall."
leadership_skills,formal,"Could you please suggest leadership development strategies that inspire team collaboration and organizational effectiveness?"
leadership_skills,informal,"Could you maybe suggest leadership development strategies that inspire team collaboration and organizational effectiveness?"
habit_formation,formal,"Would you kindly describe psychological principles that facilitate positive habit development and behavioral change maintenance?"
habit_formation,informal,"Would you maybe describe psychological principles that facilitate positive habit development and behavioral change maintenance?"
digital_security,formal,"I should appreciate guidance concerning online privacy protection and cybersecurity best practices for safety."
digital_security,informal,"I should appreciate guidance about online privacy protection and cybersecurity best practices for safety."
creative_problem_solving,formal,"Could you please explain innovative thinking techniques that generate creative solutions to complex challenges?"
creative_problem_solving,informal,"Could you maybe explain innovative thinking techniques that generate creative solutions to complex challenges?"
emotional_intelligence,formal,"Would you kindly discuss emotional awareness strategies that improve self understanding and relationship quality?"
emotional_intelligence,informal,"Would you maybe discuss emotional awareness strategies that improve self understanding and relationship quality?"